ean;codigo_erp;produto;categoria
"612";4757;"Bife Milanesa Bovino AeF kg";"Bovinos"
"820";4808;"Bife Milanesa Frango AeF kg";"Bovinos"
"7908877015390";4670;"Bombom Alcatra Bovina Estancia kg";"Bovinos"
"78982293849560";26119;"Chispe Pe Suíno Salgado Saudali kg";"Suínos"
"591";4736;"Costela Bovina com Osso Congelada kg";"Bovinos"
"7896581301970";4861;"Costelinha Suína Especial kg";"Suínos"
"620";4765;"Dobradinha Bovina kg";"Bovinos"
"1972";30323;"Filé de Costela Bovina Maturado Estancia kg";"Bovinos"
"532";4677;"Fraldinha Bovina Angus Estancia kg";"Bovinos"
"7898213801100";4683;"Fraldinha Bovina Red sem Gordura Estancia kg";"Bovinos"
"1245";16117;"Linguiça Churrasco Pernil Perdigao kg";"Linguiças & Especiais"
"1641";24631;"Linguiça Churrasco Toscana Sadia kg";"Linguiças & Especiais"
"7898229387889";29389;"Linguiça Suína Pernil Pantaneira Pacote 600g";"Linguiças & Especiais"
"1415";16805;"Lombo Suíno Salgado Vacuo AeF kg";"Suínos"
"1909";29064;"Lombo Suíno Souza Bartels kg";"Suínos"
"7896419729204";30321;"Moela Frango Congelado Lar Pacote 700g";"Aves"
"510";4655;"Peito Bovino Granito Vpj kg";"Bovinos"
"1236";4969;"Salsichao kg";"Linguiças & Especiais"
"7898110000118";26159;"Brinquedo Unidades 12,99 Mola Maluca Startoys";"Brinquedos & Passatempos"
"618341878228";29479;"Brinquedo Unidades 12,99 Oculos Startoys";"Brinquedos & Passatempos"
"7898930181103";11722;"Brinquedo Unidades 15,99 Areia Divertido Startoys";"Brinquedos & Passatempos"
"7898705060190";25201;"Brinquedo Unidades 15,99 Sticky Neon Startoys";"Brinquedos & Passatempos"
"7898930181004";12296;"Brinquedo Unidades 19,99 Aranha Startoys";"Brinquedos & Passatempos"
"7898024654148";16836;"Brinquedo Unidades 24,99 Startoys";"Brinquedos & Passatempos"
"7898733422656";25205;"Brinquedo Unidades 28,99 Caminhao Construcao Startoys";"Brinquedos & Passatempos"
"7898930181011";18324;"Brinquedo Unidades 29,99 Thunderbolt Startoys";"Brinquedos & Passatempos"
"7898733423530";29477;"Brinquedo Unidades 34,99 Shopping Mall Startoys";"Brinquedos & Passatempos"
"7898930181028";17442;"Brinquedo Unidades 39,99 Pic-up Startoys";"Brinquedos & Passatempos"
"7898930181042";27990;"Brinquedo Unidades 4,99 Estalos Startoys";"Brinquedos & Passatempos"
"7898930181080";12852;"Brinquedo Unidades 9,99 Luma Startoys";"Brinquedos & Passatempos"
"7898903657093";4221;"Carvao Vegetal Saco 2500g";"Churrasco & Fogo"
"7898084091150";4359;"Coador Pano Café 103 Pereira";"Utilidades Domésticas & Descartáveis"
"7896424101019";29603;"Copo Descartavel Plástico Transparente Coposul Pacote 200ml";"Utilidades Domésticas & Descartáveis"
"7899674038876";30336;"Desengripante Lubrificante Antiferrugem Chemi Color Lata 250ml";"Utilidades Domésticas & Descartáveis"
"7898613180324";30353;"Filme PVC 28cm X 30m Facilita";"Utilidades Domésticas & Descartáveis"
"7891021000017";4339;"Filtro Papel Aroma MAX 102 Melitta Caixa 30 Unidades";"Utilidades Domésticas & Descartáveis"
"7891021000161";4341;"Filtro Papel Aroma MAX 103 Melitta Caixa 30 Unidades";"Utilidades Domésticas & Descartáveis"
"4003";4179;"Fosforo";"Churrasco & Fogo"
"7899771504922";25704;"Lampada LED Superled Branca 6500k 20w Bivolt Ourolux";"Pilhas, Eletrônicos & Lâmpadas"
"4017";4252;"Lenha Eucalipto Ecologica Saco";"Churrasco & Fogo"
"7896628552082";27214;"Vela Parafina N8 Ilumina Mundi Caixa 8 Unidades";"Adesivos & Velas"
"7896045507696";30376;"Cerveja Lager Ultimate Heineken Long Neck 330ml";"Cervejas"
"7891991294508";28747;"Cerveja Pilsen Chopp Brahma Lata 473ml Pack 12 Unidades";"Cervejas"
"7891991307321";29160;"Cerveja Pilsen Original Lata 473ml";"Cervejas"
"7898738661210";29890;"Cerveja Ultra sem Álcool Glúten Imperio Long Neck 275ml";"Cervejas"
"7898208482154";4784;"Coxinha Asa Drumet Frango kg";"Pratos Prontos & Lanches"
"7898967481153";5098;"Empadao Pronto Congelado Frango com Palmito Cabana Campestre Bandeja 600g";"Pratos Prontos & Lanches"
"7898967481023";5101;"Empadao Pronto Congelado Palmito com Alho Poro Cabana Campestre Bandeja 600g";"Pratos Prontos & Lanches"
"7898967481047";5095;"Escondidinho Pronto Congelado Frango Cabana Campestre Bandeja 600g";"Pratos Prontos & Lanches"
"615";4760;"Hambúrguer Indiv Congelado Bovino Artesanal AeF kg";"Pratos Prontos & Lanches"
"736";13599;"Hambúrguer de Forno AeF kg";"Pratos Prontos & Lanches"
"7898938506397";5189;"Pastel Forno Congelado Recheado Calabresa Carlena 300g";"Pratos Prontos & Lanches"
"7898938506380";5190;"Pastel Forno Congelado Recheado Frango Carlena 300g";"Pratos Prontos & Lanches"
"7898964076079";19189;"Pizza Congelada Calabresa Marias";"Pratos Prontos & Lanches"
"7898964076086";29492;"Pizza Congelada Chocolate Marias";"Pratos Prontos & Lanches"
"7898964076109";21328;"Pizza Congelada Presunto Marias";"Pratos Prontos & Lanches"
"7898964076154";19181;"Pizza Congelada Quatro Queijos Marias 300 Unidades";"Pratos Prontos & Lanches"
"1637";11963;"Pizza com Assadeira [b] AeF";"Pratos Prontos & Lanches"
"7896581352026";17133;"Pão de Queijo Congelado Baixo Sódio Tradicional Pif Paf Saco 1kg";"Pratos Prontos & Lanches"
"7898865715060";1938;"Bala Gengibre Mel Propolis & Cia & 45g";"Doces & Sobremesas"
"7898754691642";30132;"Bala Líquido em Gel Slime Caneta Magica Blueberry Danilla Pacote 6g";"Doces & Sobremesas"
"7898754691666";30136;"Bala Líquido em Gel Slime Doctor Blueberry Danilla Pacote 6g";"Doces & Sobremesas"
"7898754691680";30134;"Bala Líquido em Gel Slime Escova Magica Uva Danilla Pacote 6g";"Doces & Sobremesas"
"7898754691703";30130;"Bala Líquido em Gel Slime Monsters Blueberry Danilla Pacote 6g";"Doces & Sobremesas"
"7896104866238";28475;"Barra Cereal Banana Ritter 20g";"Chocolates & Bombons"
"7896104866221";28481;"Barra Cereal Morango Ritter 20g";"Chocolates & Bombons"
"7896369835215";28628;"Batata Frita Chips Vinys Pacote 130g";"Salgadinhos & Snacks"
"7898318338594";29910;"Biscoito Amanteigado Beijinho Lider Pacote 150g";"Biscoitos & Cookies"
"7898318333216";29912;"Biscoito Amanteigado Choconata Lider Pacote 150g";"Biscoitos & Cookies"
"7898318333223";29916;"Biscoito Amanteigado Coco Lider Pacote 150g";"Biscoitos & Cookies"
"7898318334596";29918;"Biscoito Salgado Bacon Lider Pacote 150g";"Biscoitos & Cookies"
"7898318334619";29920;"Biscoito Salgado Camarão Lider Pacote 150g";"Biscoitos & Cookies"
"7891340365934";30213;"Biscoito Wafer Rolinho Chocolate Branco Look Caixa 55g";"Biscoitos & Cookies"
"7891823925235";29757;"Bombom Amendoim Brasil Cacau 20g";"Chocolates & Bombons"
"7891823925242";29755;"Bombom ao Leite Brasil Cacau 20g";"Chocolates & Bombons"
"7898958575120";11582;"Castanha Caju Natural Castor Pacote 50g";"Salgadinhos & Snacks"
"751320335784";28171;"Doce Abobora com Coco Belama Pote 400g";"Doces & Sobremesas"
"7898338452195";24099;"Doce Artesanal Barra Goiabada Cascao Dutacho 290g";"Doces & Sobremesas"
"7898338451211";24095;"Doce Artesanal Barra Leite Dutacho 290g";"Doces & Sobremesas"
"7898338450542";24083;"Doce Artesanal em Cubos Leite Dutacho 100g";"Doces & Sobremesas"
"751320336187";28159;"Doce Barra Caixinha Abobora Belama Caixa 280g";"Doces & Sobremesas"
"751320335777";28167;"Doce Barra Caixinha Cocada Belama Caixa 220g";"Doces & Sobremesas"
"751320335852";28155;"Doce Barra Caixinha Misto Belama Caixa 280g";"Doces & Sobremesas"
"751320335807";28163;"Doce Barra Caixinha Pe de Moca Belama Caixa 280g";"Doces & Sobremesas"
"7898666580393";28208;"Doce Barra Leite Ameixa Vovo Ana 250g";"Doces & Sobremesas"
"700083111180";25341;"Doce Casadinho Feito em Casa Pacote 100g";"Doces & Sobremesas"
"736532291677";29358;"Doce Cocada do Vale 36g";"Doces & Sobremesas"
"751320335951";28173;"Doce de Goiaba Goiabada Cascao Belama Pote 400g";"Doces & Sobremesas"
"751320335906";28141;"Doce de Leite Pastoso Belama Pote 400g";"Doces & Sobremesas"
"751320335999";29191;"Doce de Leite Pastoso DIET Belama Pote 400g";"Doces & Sobremesas"
"751320335883";28147;"Doce de Leite Pastoso com Coco Belama Pote 400g";"Doces & Sobremesas"
"751320335944";28161;"Doce de Leite em Barra Belama Caixa 280g";"Doces & Sobremesas"
"700083111739";28928;"Doce em Cubo Abacaxi Feito Casa Pacote 100g";"Doces & Sobremesas"
"700083111418";28922;"Doce em Cubo Nozes Feito Casa Pacote 100g";"Doces & Sobremesas"
"7898666580089";27235;"Doce em Cubos Leite Pe de Moleque Vovo Ana 130g";"Doces & Sobremesas"
"7895144900186";30124;"Drops Dura Mousse de Maracuja Fruittella 41g";"Doces & Sobremesas"
"7898967923639";23538;"Pirulito Boka Loka Blueberry Danilla 12g";"Doces & Sobremesas"
"7898967923875";29720;"Pirulito Diploko Booom Gelo Danilla 11g";"Doces & Sobremesas"
"7898970162643";29886;"Pirulito Diploko Booom Space Uva Danilla 11g";"Doces & Sobremesas"
"7898754690393";27484;"Pirulito Diploko Lollipop Halloween Danilla 15g";"Doces & Sobremesas"
"7898754691000";29650;"Pirulito Diploko Lollipop Sortido Danilla 15g";"Doces & Sobremesas"
"7898964630929";20643;"Pirulito Diploko Mola Jokenpo Danilla 12g";"Doces & Sobremesas"
"7892840819576";12132;"Salgadinho Milho Queijo Nacho Doritos Pacote 37g";"Salgadinhos & Snacks"
"1168";17772;"Suspiro AeF Pacote kg";"Doces & Sobremesas"
"7898994641421";24877;"Suspiro de Limão Fonseca Pacote 90g";"Doces & Sobremesas"
"7899489240013";26493;"Torresmo Coisas de Minas 60g";"Salgadinhos & Snacks"
"7898994002451";25387;"Torresmo para Caldo Coisas de Minas 300g";"Salgadinhos & Snacks"
"7891823934442";29733;"Trufa Chocolate Sortida Alpino Brasil Cacau 25g";"Chocolates & Bombons"
"7891823934497";29739;"Trufa Chocolate Sortida Cereja Brasil Cacau 25g";"Chocolates & Bombons"
"7891823934671";29749;"Trufa Chocolate Sortida Maracuja Brasil Cacau 25g";"Chocolates & Bombons"
"7891823934534";29735;"Trufa Chocolate Sortida Morango Brasil Cacau 25g";"Chocolates & Bombons"
"7891823934503";29743;"Trufa Chocolate Sortida Pistache Brasil Cacau 25g";"Chocolates & Bombons"
"7891823934527";29747;"Trufa Chocolate Sortida ao Leite Brasil Cacau 25g";"Chocolates & Bombons"
"7896306625336";28752;"Wafer Recheado Rolinho Morango + Leite Trento 29g";"Biscoitos & Cookies"
"7896235353249";3869;"Desodorante Locao Tradicional Leite de Colonia Frasco 100ml";"Banho & Desodorantes"
"7898956975649";25631;"Escova para Unha com Alca 2 Irmaos";"Cuidados Pessoais"
"4005900687265";28364;"Protetor Solar Fps50 Nivea Frasco 100ml";"Cuidados Pessoais"
"1151";17591;"Batata Inglesa Processada AeF kg";"Legumes & Raízes"
"847";14998;"Beterraba Processada AeF Bandeja kg";"Legumes & Raízes"
"876";10989;"Couve Processada AeF Bandeja";"Verduras & Folhas"
"7898033100247";9229;"Manjerona Condimentos da Roca Cartela 3g";"Verduras & Folhas"
"7894474002638";6098;"Ovo A Extra Branco Cart 12 Unidades";"Ovos"
"7898006890601";13246;"Ovo A Extra Branco Cart 20 Unidades";"Ovos"
"32";6589;"Ovo A Extra Branco Cart 30 Unidades";"Ovos"
"33";6631;"Ovo A Extra Branco Cart 6 Unidades";"Ovos"
"1280";16883;"Ovo A Extra Vermelho Cart 12 Unidades";"Ovos"
"7896321103017";30006;"Ovo A Extra Vermelho Cart 20 Unidades";"Ovos"
"1583";23353;"Ovo A Extra Vermelho Cart 30 Unidades";"Ovos"
"7898956975359";4380;"Corda Varal Aco 2 Irmaos 10m";"Utensílios & Acessórios"
"7896258901922";8428;"Corda Varal N5 Rossi";"Utensílios & Acessórios"
"7898956975779";4430;"Desentupidor Pia 2 Irmaos";"Desinfetantes & Limpeza Geral"
"606529239671";19339;"Desentupidor Pia Soares";"Desinfetantes & Limpeza Geral"
"7898956975762";25245;"Desentupidor Sanitario Madeira 2 Irmaos";"Desinfetantes & Limpeza Geral"
"606529239695";19337;"Desentupidor Sanitario Madeira Soares";"Desinfetantes & Limpeza Geral"
"7896056405684";4029;"Desinfetante Pinho Citronela Urca Frasco";"Desinfetantes & Limpeza Geral"
"7896258901649";27202;"Espanador Pena Avestruz 35cm Rossi";"Utensílios & Acessórios"
"7897750782576";24562;"Esponja Multi Uso Dupla Face Alklin Pacote 4 Unidades";"Cozinha & Louças"
"7898089368004";29626;"Esponja Multi Uso Dupla Face Mundi";"Cozinha & Louças"
"7896979300318";29501;"Estopa Flanelin Saco 130g";"Utensílios & Acessórios"
"7896979300073";29375;"Flanela Multi Uso Laranja 28x38cm Flanelin Pacote";"Utensílios & Acessórios"
"7896979300080";29506;"Flanela Multi Uso Laranja 28x48cm Flanelin Pacote";"Utensílios & Acessórios"
"7896098900277";3989;"Lava Louca Líquido Clear Care Ypê Frasco 500ml";"Cozinha & Louças"
"7896353821125";17589;"Luva Limpeza Latex Multiuso Amarela G Danny";"Utensílios & Acessórios"
"606529239503";23802;"Pa Lixo Plástico Cabo Longo Soares";"Utensílios & Acessórios"
"7891187010653";30276;"Pano Furado Multi Uso Fortlimp Pacote 5 Unidades";"Utensílios & Acessórios"
"7896061900174";30155;"Papel Higienico Folha Dupla 20m Nova Noble Pacote 12 Unidades";"Utensílios & Acessórios"
"7896914012245";28181;"Papel Higienico Folha Dupla Neutro 20m Sublime Noble Pacote 4 Unidades";"Utensílios & Acessórios"
"7897388603984";29779;"Prendedor Roupa Madeira Guirado 12 Unidades";"Utensílios & Acessórios"
"7896524700808";30342;"Removedor Multi Uso Líquido Florata Suprema 500ml";"Desinfetantes & Limpeza Geral"
"7898232691911";29634;"Saco Alvejado 35x58cm R4 Padrao Limpeza Novo Mundo";"Utensílios & Acessórios"
"7898093780564";30351;"Saco Alvejado 40x66cm Itatex";"Utensílios & Acessórios"
"7898084091181";30418;"Saco Alvejado 45x65cm Pereira";"Acessórios de Limpeza"
"7898078481721";30118;"Saco Lixo Reforcado Preto Fort Lar Pacote 100L";"Utensílios & Acessórios"
"7898078485538";30120;"Saco Lixo Reforcado Preto Fort Lar Pacote 30L";"Utensílios & Acessórios"
"7898099001359";27715;"Soda Caustica Escamas Yara Pote 480g";"Desinfetantes & Limpeza Geral"
"7896258905807";15986;"Vassoura Moderna Rossi";"Utensílios & Acessórios"
"7898956975670";4419;"Vassoura Piacava com Cabo N3 2 Irmaos";"Utensílios & Acessórios"
"40232745737";23169;"Vassoura Piacava com Cabo N3 Soares";"Utensílios & Acessórios"
"7896098904671";4013;"Água Sanitária Ypê Frasco 1L";"Roupas & Lavanderia"
"7896581801364";28668;"Álcool Líquido 46 Graus Sol Frasco";"Desinfetantes & Limpeza Geral"
"7898910095161";28772;"Álcool Líquido 92,8 Graus Tupi Frasco";"Desinfetantes & Limpeza Geral"
"7898288821133";29111;"Álcool Líquido 92.8 Graus Flops Frasco";"Desinfetantes & Limpeza Geral"
"7896414200234";1490;"Açúcar Mascavo Life Style Pacote 500g";"Açúcar & Adoçantes"
"3609";928;"Cesta Basica N3 Casa Pedroriense";"Cestas Básicas"
"7898174850841";30355;"Cogumelo Conserva Inteiro Tio Paco Vidro 200g";"Conservas & Enlatados"
"7898938507080";22245;"Colorau Carlena 150g";"Temperos & Condimentos"
"7898666580362";26764;"Doce Barra Leite Coco Vovo Ana 250g";"Conservas & Enlatados"
"7898666580072";26758;"Doce em Cubos Leite Coco Beijinho Vovo Ana 130g";"Conservas & Enlatados"
"7898666580102";26750;"Doce em Cubos Leite Coco Vovo Ana 130g";"Conservas & Enlatados"
"7898865715176";15409;"Farinha Linhaca Dourada Life Style 200g";"Farinhas & Farofas"
"7898865715329";2278;"Farinha Linhaca Marrom Life Style 200g";"Farinhas & Farofas"
"2721";6126;"Farinha Rosca AeF kg";"Farinhas & Farofas"
"7898056370054";29769;"Massa Lasanha Resfriada Extralar Pacote 500g";"Massas & Molhos"
"7898056370061";29056;"Massa Pastel Resfriada Extralar Pacote 450g";"Massas & Molhos"
"1586";6700;"Massa Pizza Resfriada AeF Pacote";"Massas & Molhos"
"7898036141049";30383;"Mel Abelhas Apiario Friburgo 500g";"Açúcar & Adoçantes"
"7898865715084";1680;"Mel Abelhas Mel&cia Bisnaga 250g";"Açúcar & Adoçantes"
"21";6090;"Mostarda";"Temperos & Condimentos"
"2455";10423;"Pave AeF";"Outros"
"7898938507943";28392;"Sal Grosso Temperado Salchurri Carlena Pacote 400g";"Temperos & Condimentos"
"7898683890758";13830;"Sal Parrila Chimichurri Emylia Pacote 450g";"Temperos & Condimentos"
"7898683890765";13824;"Sal Parrila Tradicional Emylia Pacote 450g";"Temperos & Condimentos"
"74468433243";29884;"Tempero em Pasta Hanzel Pote 500g";"Temperos & Condimentos"
"7898865715428";16549;"Composto Mel Spray Gengibre Mel&cia Frasco 35ml";"Saudável & Suplementos"
"7898865715022";16547;"Composto Mel Spray Malva Mel&cia Frasco 35ml";"Saudável & Suplementos"
"7898865715046";1671;"Composto Mel Spray Roma Mel&cia Frasco 35ml";"Saudável & Suplementos"
"7898271795434";2293;"Semente Chia Gaiatri Pacote 100g";"Saudável & Suplementos"
"7898865715374";10699;"Aveia Integral Farelo Life Style 500g";"Cereais & Matinais"
"7898865715336";10697;"Aveia Integral Farinha Life Style 500g";"Cereais & Matinais"
"2768";6180;"Bolo de Baunilha AeF kg";"Bolos & Tortas"
"2783";6195;"Bolo de Prestigio AeF kg";"Bolos & Tortas"
"2706";6111;"Brioche Paris AeF kg";"Pães & Torradas"
"7896045121267";30263;"Cappuccino Chocolate com Pistache Tres Coracoes Sachet 20g";"Cafés"
"2760";6172;"Cavaca Tradicional AeF kg";"Pães & Torradas"
"2795";6207;"Folhado Doce AeF kg";"Pães & Torradas"
"722";13494;"Maria Mole AeF";"Bolos & Tortas"
"7896045108756";29908;"Mistura Cappuccino Pimpinela Pote 200g";"Cafés"
"2959";12048;"Pudim Pão AeF kg";"Bolos & Tortas"
"2828";30140;"Pão Cebola AeF kg";"Pães & Torradas"
"2731";6136;"Pão Focaccia AeF kg";"Pães & Torradas"
"2822";9172;"Pão Hambúrguer AeF 130g";"Pães & Torradas"
"1614";24421;"Pão Hambúrguer Fast Food AeF Pacote kg";"Pães & Torradas"
"2715";6120;"Pão Laranja AeF kg";"Pães & Torradas"
"1465";21430;"Pão Recheado Presunto E Queijo AeF kg";"Pães & Torradas"
"2718";6123;"Pão Suico AeF kg";"Pães & Torradas"
"2819";8299;"Pão de Legumes AeF kg";"Pães & Torradas"
"2825";12535;"Pão de Leite AeF kg";"Pães & Torradas"
"2958";9945;"Quindim AeF kg";"Bolos & Tortas"
"2733";6138;"Torrada Crocante AeF kg";"Pães & Torradas"
"2734";6139;"Torrada Temperada Crocante AeF kg";"Pães & Torradas"
"2957";9943;"Torta Alema Mini AeF";"Bolos & Tortas"
"1767";27381;"Alimento Seco Cao Adulto Essencial Carne Pedigree Granel kg";"Rações & Cuidados"
"61";6059;"Milho Consumo Animal Pereira kg";"Rações & Cuidados"
"7898229386219";29803;"Bacon Defumado Resfriado Fatiado Saudali 350g";"Frios & Embutidos"
"7898101635091";23810;"Bebida Lactea Fermentada Morango Larisol Pote 900ml";"Iogurtes & Sobremesas"
"7898101635114";23812;"Bebida Lactea Fermentada Pêssego Larisol Pote 900ml";"Iogurtes & Sobremesas"
"7898101635220";30327;"Creme Ricota Larisol Pote 150g";"Queijos"
"7891000252833";5860;"Iogurte Go Vitamina Chamyto Garrafa 100g";"Iogurtes & Sobremesas"
"7898101630836";16319;"Iogurte Natural Integral Larisol Copo 170g";"Iogurtes & Sobremesas"
"7898101630720";14220;"Iogurte Splat Pêssego Larisol Garrafa 900g";"Iogurtes & Sobremesas"
"7897715800192";24483;"Manteiga com Sal Frigodario Pote 200g";"Manteigas & Requeijão"
"7898101630997";18926;"Manteiga com Sal Larisol Pote 200g";"Manteigas & Requeijão"
"7898100900428";29503;"Manteiga com Sal Q Bom Gosto Pote 500g";"Manteigas & Requeijão"
"7898101630621";5437;"Queijo Coalho Larisol kg";"Queijos"
"2304";5500;"Queijo Gorgonzola Nazareno kg";"Queijos"
"7898101630010";14222;"Queijo Minas Frescal Larisol kg";"Queijos"
"7898101630263";14086;"Queijo Minas Padrao Larisol kg";"Queijos"
"2340";20443;"Queijo Muçarela Larisol kg";"Queijos"
"7898924049181";15229;"Queijo Parmesão Black 12 Meses de Cura Reliquia kg";"Queijos"
"7891143017887";5535;"Queijo Processado Tradicional Polenguinho 17g";"Queijos"
"7898101630324";23348;"Requeijão Cremoso Tradicional LIGHT Larisol Pote 200g";"Manteigas & Requeijão"
"7898101630225";14637;"Requeijão Cremoso Tradicional Larisol Pote 200g";"Manteigas & Requeijão"
"7891164006204";17839;"Salame Tipo Italiano Fatiado Aurora 100g";"Frios & Embutidos"
"7898755200676";30361;"Sobremesa Lactea Chantilly Beijinho Chandelle Pack 90g";"Cremes & Leite Condensado"
"7896005302088";21371;"Nectar Uva Tial Caixinha";"Sucos & Néctares"
"7896052601516";30368;"Refresco Frutas Citricas Skinka 450ml";"Sucos & Néctares"
"7896052601523";30370;"Refresco Frutas Vermelhas Skinka 450ml";"Sucos & Néctares"
"7896052606757";30366;"Refresco Uva Skinka 450ml";"Sucos & Néctares"
"7891991308311";30334;"Refrigerante Guarana ZERO com Fibras Antarctica Lata 350ml";"Refrigerantes"
"7896052607129";30372;"Refrigerante Laranja/pera Fys Lata 350ml";"Refrigerantes"
"7896052607167";30374;"Refrigerante Limão Siciliano Fys Lata 350ml";"Refrigerantes"
"7894900011517";2650;"Refrigerante Original Coca Cola";"Refrigerantes"
"7896005403198";29519;"Suco Concentrado Caju Dafruta Garrafa";"Sucos & Néctares"
"3901";2539;"Água Mineral Natural com Galao Leve Sul";"Águas"
"3900";2521;"Água Mineral Natural sem Galao Leve Sul";"Águas"
"78947542";27703;"Cigarro Dunhill Box Insignia Blue Souza Cruz 20 Unidades";"Cigarros & Tabaco"
"78947467";27711;"Cigarro Dunhill Carlton Box Of London Souza Cruz 20 Unidades";"Cigarros & Tabaco"
"78943438";28455;"Cigarro Marlboro Ks Vista Double Fusion Philip Morris 20 Unidades";"Cigarros & Tabaco"